Clock Jitter Tool: Ver 1.6.6 Log File 
Created 14:48:56, June 12, 2013
File Name	 Template Name	 Peak to Peak Jitter(LF) (ps)	Peak to Peak Jitter(HF) (ps)	Pass/Fail 	RMS Jitter(LF) (ps)	RMS Jitter(HF) (ps)	Time	Date

53302_jitter.bin	PCIE_3_0_2MHZ_5M_H3_FIRST.dat	0.000000000000	4.37602926021	Number of Intervals < 160000	0.000000000000	0.545199426129	14:48:56	06/12/13
53302_jitter.bin	PCIE_3_0_2MHZ_5M_H3_FIRST.dat	0.000000000000	4.37602926021	Number of Intervals < 160000	0.000000000000	0.545199426129	14:50:06	06/12/13
